{"name":"estack-app-api-gateway","classpathEntries":[{"kind":"binary","path":"C:\\Program Files\\Java\\jdk-11.0.12\\lib\\jrt-fs.jar","sourceContainerUrl":"file:/C:/Program%20Files/Java/jdk-11.0.12/lib/src.zip","javadocContainerUrl":"https://docs.oracle.com/javase/11/docs/api/","isSystem":true,"isOwn":false,"isTest":false,"isJavaContent":false},{"kind":"binary","path":"C:\\Users\\User\\.m2\\repository\\org\\springframework\\cloud\\spring-cloud-starter-netflix-eureka-client\\2.2.8.RELEASE\\spring-cloud-starter-netflix-eureka-client-2.2.8.RELEASE.jar","javadocContainerUrl":"file:/C:/Users/User/.m2/repository/org/springframework/cloud/spring-cloud-starter-netflix-eureka-client/2.2.8.RELEASE/spring-cloud-starter-netflix-eureka-client-2.2.8.RELEASE-javadoc.jar","isSystem":false,"isOwn":false,"isTest":false,"isJavaContent":false},{"kind":"binary","path":"C:\\Users\\User\\.m2\\repository\\org\\springframework\\cloud\\spring-cloud-starter\\2.2.8.RELEASE\\spring-cloud-starter-2.2.8.RELEASE.jar","isSystem":false,"isOwn":false,"isTest":false,"isJavaContent":false},{"kind":"binary","path":"C:\\Users\\User\\.m2\\repository\\org\\springframework\\cloud\\spring-cloud-context\\2.2.8.RELEASE\\spring-cloud-context-2.2.8.RELEASE.jar","sourceContainerUrl":"file:/C:/Users/User/.m2/repository/org/springframework/cloud/spring-cloud-context/2.2.8.RELEASE/spring-cloud-context-2.2.8.RELEASE-sources.jar","javadocContainerUrl":"file:/C:/Users/User/.m2/repository/org/springframework/cloud/spring-cloud-context/2.2.8.RELEASE/spring-cloud-context-2.2.8.RELEASE-javadoc.jar","isSystem":false,"isOwn":false,"isTest":false,"isJavaContent":false},{"kind":"binary","path":"C:\\Users\\User\\.m2\\repository\\org\\springframework\\security\\spring-security-crypto\\5.3.9.RELEASE\\spring-security-crypto-5.3.9.RELEASE.jar","sourceContainerUrl":"file:/C:/Users/User/.m2/repository/org/springframework/security/spring-security-crypto/5.3.9.RELEASE/spring-security-crypto-5.3.9.RELEASE-sources.jar","javadocContainerUrl":"file:/C:/Users/User/.m2/repository/org/springframework/security/spring-security-crypto/5.3.9.RELEASE/spring-security-crypto-5.3.9.RELEASE-javadoc.jar","isSystem":false,"isOwn":false,"isTest":false,"isJavaContent":false},{"kind":"binary","path":"C:\\Users\\User\\.m2\\repository\\org\\springframework\\cloud\\spring-cloud-commons\\2.2.8.RELEASE\\spring-cloud-commons-2.2.8.RELEASE.jar","sourceContainerUrl":"file:/C:/Users/User/.m2/repository/org/springframework/cloud/spring-cloud-commons/2.2.8.RELEASE/spring-cloud-commons-2.2.8.RELEASE-sources.jar","javadocContainerUrl":"file:/C:/Users/User/.m2/repository/org/springframework/cloud/spring-cloud-commons/2.2.8.RELEASE/spring-cloud-commons-2.2.8.RELEASE-javadoc.jar","isSystem":false,"isOwn":false,"isTest":false,"isJavaContent":false},{"kind":"binary","path":"C:\\Users\\User\\.m2\\repository\\org\\springframework\\security\\spring-security-rsa\\1.0.9.RELEASE\\spring-security-rsa-1.0.9.RELEASE.jar","sourceContainerUrl":"file:/C:/Users/User/.m2/repository/org/springframework/security/spring-security-rsa/1.0.9.RELEASE/spring-security-rsa-1.0.9.RELEASE-sources.jar","javadocContainerUrl":"file:/C:/Users/User/.m2/repository/org/springframework/security/spring-security-rsa/1.0.9.RELEASE/spring-security-rsa-1.0.9.RELEASE-javadoc.jar","isSystem":false,"isOwn":false,"isTest":false,"isJavaContent":false},{"kind":"binary","path":"C:\\Users\\User\\.m2\\repository\\org\\bouncycastle\\bcpkix-jdk15on\\1.64\\bcpkix-jdk15on-1.64.jar","sourceContainerUrl":"file:/C:/Users/User/.m2/repository/org/bouncycastle/bcpkix-jdk15on/1.64/bcpkix-jdk15on-1.64-sources.jar","javadocContainerUrl":"file:/C:/Users/User/.m2/repository/org/bouncycastle/bcpkix-jdk15on/1.64/bcpkix-jdk15on-1.64-javadoc.jar","isSystem":false,"isOwn":false,"isTest":false,"isJavaContent":false},{"kind":"binary","path":"C:\\Users\\User\\.m2\\repository\\org\\bouncycastle\\bcprov-jdk15on\\1.64\\bcprov-jdk15on-1.64.jar","sourceContainerUrl":"file:/C:/Users/User/.m2/repository/org/bouncycastle/bcprov-jdk15on/1.64/bcprov-jdk15on-1.64-sources.jar","javadocContainerUrl":"file:/C:/Users/User/.m2/repository/org/bouncycastle/bcprov-jdk15on/1.64/bcprov-jdk15on-1.64-javadoc.jar","isSystem":false,"isOwn":false,"isTest":false,"isJavaContent":false},{"kind":"binary","path":"C:\\Users\\User\\.m2\\repository\\org\\springframework\\cloud\\spring-cloud-netflix-hystrix\\2.2.8.RELEASE\\spring-cloud-netflix-hystrix-2.2.8.RELEASE.jar","sourceContainerUrl":"file:/C:/Users/User/.m2/repository/org/springframework/cloud/spring-cloud-netflix-hystrix/2.2.8.RELEASE/spring-cloud-netflix-hystrix-2.2.8.RELEASE-sources.jar","javadocContainerUrl":"file:/C:/Users/User/.m2/repository/org/springframework/cloud/spring-cloud-netflix-hystrix/2.2.8.RELEASE/spring-cloud-netflix-hystrix-2.2.8.RELEASE-javadoc.jar","isSystem":false,"isOwn":false,"isTest":false,"isJavaContent":false},{"kind":"binary","path":"C:\\Users\\User\\.m2\\repository\\org\\springframework\\boot\\spring-boot-starter-aop\\2.3.12.RELEASE\\spring-boot-starter-aop-2.3.12.RELEASE.jar","sourceContainerUrl":"file:/C:/Users/User/.m2/repository/org/springframework/boot/spring-boot-starter-aop/2.3.12.RELEASE/spring-boot-starter-aop-2.3.12.RELEASE-sources.jar","javadocContainerUrl":"file:/C:/Users/User/.m2/repository/org/springframework/boot/spring-boot-starter-aop/2.3.12.RELEASE/spring-boot-starter-aop-2.3.12.RELEASE-javadoc.jar","isSystem":false,"isOwn":false,"isTest":false,"isJavaContent":false},{"kind":"binary","path":"C:\\Users\\User\\.m2\\repository\\org\\springframework\\spring-aop\\5.2.15.RELEASE\\spring-aop-5.2.15.RELEASE.jar","sourceContainerUrl":"file:/C:/Users/User/.m2/repository/org/springframework/spring-aop/5.2.15.RELEASE/spring-aop-5.2.15.RELEASE-sources.jar","javadocContainerUrl":"file:/C:/Users/User/.m2/repository/org/springframework/spring-aop/5.2.15.RELEASE/spring-aop-5.2.15.RELEASE-javadoc.jar","isSystem":false,"isOwn":false,"isTest":false,"isJavaContent":false},{"kind":"binary","path":"C:\\Users\\User\\.m2\\repository\\org\\aspectj\\aspectjweaver\\1.9.6\\aspectjweaver-1.9.6.jar","sourceContainerUrl":"file:/C:/Users/User/.m2/repository/org/aspectj/aspectjweaver/1.9.6/aspectjweaver-1.9.6-sources.jar","javadocContainerUrl":"file:/C:/Users/User/.m2/repository/org/aspectj/aspectjweaver/1.9.6/aspectjweaver-1.9.6-javadoc.jar","isSystem":false,"isOwn":false,"isTest":false,"isJavaContent":false},{"kind":"binary","path":"C:\\Users\\User\\.m2\\repository\\org\\springframework\\cloud\\spring-cloud-netflix-eureka-client\\2.2.8.RELEASE\\spring-cloud-netflix-eureka-client-2.2.8.RELEASE.jar","sourceContainerUrl":"file:/C:/Users/User/.m2/repository/org/springframework/cloud/spring-cloud-netflix-eureka-client/2.2.8.RELEASE/spring-cloud-netflix-eureka-client-2.2.8.RELEASE-sources.jar","javadocContainerUrl":"file:/C:/Users/User/.m2/repository/org/springframework/cloud/spring-cloud-netflix-eureka-client/2.2.8.RELEASE/spring-cloud-netflix-eureka-client-2.2.8.RELEASE-javadoc.jar","isSystem":false,"isOwn":false,"isTest":false,"isJavaContent":false},{"kind":"binary","path":"C:\\Users\\User\\.m2\\repository\\com\\netflix\\eureka\\eureka-client\\1.10.11\\eureka-client-1.10.11.jar","sourceContainerUrl":"file:/C:/Users/User/.m2/repository/com/netflix/eureka/eureka-client/1.10.11/eureka-client-1.10.11-sources.jar","javadocContainerUrl":"file:/C:/Users/User/.m2/repository/com/netflix/eureka/eureka-client/1.10.11/eureka-client-1.10.11-javadoc.jar","isSystem":false,"isOwn":false,"isTest":false,"isJavaContent":false},{"kind":"binary","path":"C:\\Users\\User\\.m2\\repository\\com\\netflix\\netflix-commons\\netflix-eventbus\\0.3.0\\netflix-eventbus-0.3.0.jar","sourceContainerUrl":"file:/C:/Users/User/.m2/repository/com/netflix/netflix-commons/netflix-eventbus/0.3.0/netflix-eventbus-0.3.0-sources.jar","javadocContainerUrl":"file:/C:/Users/User/.m2/repository/com/netflix/netflix-commons/netflix-eventbus/0.3.0/netflix-eventbus-0.3.0-javadoc.jar","isSystem":false,"isOwn":false,"isTest":false,"isJavaContent":false},{"kind":"binary","path":"C:\\Users\\User\\.m2\\repository\\com\\netflix\\netflix-commons\\netflix-infix\\0.3.0\\netflix-infix-0.3.0.jar","sourceContainerUrl":"file:/C:/Users/User/.m2/repository/com/netflix/netflix-commons/netflix-infix/0.3.0/netflix-infix-0.3.0-sources.jar","javadocContainerUrl":"file:/C:/Users/User/.m2/repository/com/netflix/netflix-commons/netflix-infix/0.3.0/netflix-infix-0.3.0-javadoc.jar","isSystem":false,"isOwn":false,"isTest":false,"isJavaContent":false},{"kind":"binary","path":"C:\\Users\\User\\.m2\\repository\\commons-jxpath\\commons-jxpath\\1.3\\commons-jxpath-1.3.jar","sourceContainerUrl":"file:/C:/Users/User/.m2/repository/commons-jxpath/commons-jxpath/1.3/commons-jxpath-1.3-sources.jar","javadocContainerUrl":"file:/C:/Users/User/.m2/repository/commons-jxpath/commons-jxpath/1.3/commons-jxpath-1.3-javadoc.jar","isSystem":false,"isOwn":false,"isTest":false,"isJavaContent":false},{"kind":"binary","path":"C:\\Users\\User\\.m2\\repository\\joda-time\\joda-time\\2.3\\joda-time-2.3.jar","sourceContainerUrl":"file:/C:/Users/User/.m2/repository/joda-time/joda-time/2.3/joda-time-2.3-sources.jar","javadocContainerUrl":"file:/C:/Users/User/.m2/repository/joda-time/joda-time/2.3/joda-time-2.3-javadoc.jar","isSystem":false,"isOwn":false,"isTest":false,"isJavaContent":false},{"kind":"binary","path":"C:\\Users\\User\\.m2\\repository\\org\\antlr\\antlr-runtime\\3.4\\antlr-runtime-3.4.jar","sourceContainerUrl":"file:/C:/Users/User/.m2/repository/org/antlr/antlr-runtime/3.4/antlr-runtime-3.4-sources.jar","javadocContainerUrl":"file:/C:/Users/User/.m2/repository/org/antlr/antlr-runtime/3.4/antlr-runtime-3.4-javadoc.jar","isSystem":false,"isOwn":false,"isTest":false,"isJavaContent":false},{"kind":"binary","path":"C:\\Users\\User\\.m2\\repository\\org\\antlr\\stringtemplate\\3.2.1\\stringtemplate-3.2.1.jar","sourceContainerUrl":"file:/C:/Users/User/.m2/repository/org/antlr/stringtemplate/3.2.1/stringtemplate-3.2.1-sources.jar","isSystem":false,"isOwn":false,"isTest":false,"isJavaContent":false},{"kind":"binary","path":"C:\\Users\\User\\.m2\\repository\\antlr\\antlr\\2.7.7\\antlr-2.7.7.jar","isSystem":false,"isOwn":false,"isTest":false,"isJavaContent":false},{"kind":"binary","path":"C:\\Users\\User\\.m2\\repository\\com\\google\\code\\gson\\gson\\2.8.7\\gson-2.8.7.jar","sourceContainerUrl":"file:/C:/Users/User/.m2/repository/com/google/code/gson/gson/2.8.7/gson-2.8.7-sources.jar","javadocContainerUrl":"file:/C:/Users/User/.m2/repository/com/google/code/gson/gson/2.8.7/gson-2.8.7-javadoc.jar","isSystem":false,"isOwn":false,"isTest":false,"isJavaContent":false},{"kind":"binary","path":"C:\\Users\\User\\.m2\\repository\\org\\apache\\commons\\commons-math\\2.2\\commons-math-2.2.jar","sourceContainerUrl":"file:/C:/Users/User/.m2/repository/org/apache/commons/commons-math/2.2/commons-math-2.2-sources.jar","javadocContainerUrl":"file:/C:/Users/User/.m2/repository/org/apache/commons/commons-math/2.2/commons-math-2.2-javadoc.jar","isSystem":false,"isOwn":false,"isTest":false,"isJavaContent":false},{"kind":"binary","path":"C:\\Users\\User\\.m2\\repository\\com\\thoughtworks\\xstream\\xstream\\1.4.14\\xstream-1.4.14.jar","sourceContainerUrl":"file:/C:/Users/User/.m2/repository/com/thoughtworks/xstream/xstream/1.4.14/xstream-1.4.14-sources.jar","javadocContainerUrl":"file:/C:/Users/User/.m2/repository/com/thoughtworks/xstream/xstream/1.4.14/xstream-1.4.14-javadoc.jar","isSystem":false,"isOwn":false,"isTest":false,"isJavaContent":false},{"kind":"binary","path":"C:\\Users\\User\\.m2\\repository\\xmlpull\\xmlpull\\1.1.3.1\\xmlpull-1.1.3.1.jar","isSystem":false,"isOwn":false,"isTest":false,"isJavaContent":false},{"kind":"binary","path":"C:\\Users\\User\\.m2\\repository\\xpp3\\xpp3_min\\1.1.4c\\xpp3_min-1.1.4c.jar","sourceContainerUrl":"file:/C:/Users/User/.m2/repository/xpp3/xpp3_min/1.1.4c/xpp3_min-1.1.4c-sources.jar","javadocContainerUrl":"file:/C:/Users/User/.m2/repository/xpp3/xpp3_min/1.1.4c/xpp3_min-1.1.4c-javadoc.jar","isSystem":false,"isOwn":false,"isTest":false,"isJavaContent":false},{"kind":"binary","path":"C:\\Users\\User\\.m2\\repository\\com\\netflix\\archaius\\archaius-core\\0.7.7\\archaius-core-0.7.7.jar","sourceContainerUrl":"file:/C:/Users/User/.m2/repository/com/netflix/archaius/archaius-core/0.7.7/archaius-core-0.7.7-sources.jar","javadocContainerUrl":"file:/C:/Users/User/.m2/repository/com/netflix/archaius/archaius-core/0.7.7/archaius-core-0.7.7-javadoc.jar","isSystem":false,"isOwn":false,"isTest":false,"isJavaContent":false},{"kind":"binary","path":"C:\\Users\\User\\.m2\\repository\\com\\google\\guava\\guava\\30.0-jre\\guava-30.0-jre.jar","sourceContainerUrl":"file:/C:/Users/User/.m2/repository/com/google/guava/guava/30.0-jre/guava-30.0-jre-sources.jar","javadocContainerUrl":"file:/C:/Users/User/.m2/repository/com/google/guava/guava/30.0-jre/guava-30.0-jre-javadoc.jar","isSystem":false,"isOwn":false,"isTest":false,"isJavaContent":false},{"kind":"binary","path":"C:\\Users\\User\\.m2\\repository\\com\\google\\guava\\failureaccess\\1.0.1\\failureaccess-1.0.1.jar","sourceContainerUrl":"file:/C:/Users/User/.m2/repository/com/google/guava/failureaccess/1.0.1/failureaccess-1.0.1-sources.jar","javadocContainerUrl":"file:/C:/Users/User/.m2/repository/com/google/guava/failureaccess/1.0.1/failureaccess-1.0.1-javadoc.jar","isSystem":false,"isOwn":false,"isTest":false,"isJavaContent":false},{"kind":"binary","path":"C:\\Users\\User\\.m2\\repository\\com\\google\\guava\\listenablefuture\\9999.0-empty-to-avoid-conflict-with-guava\\listenablefuture-9999.0-empty-to-avoid-conflict-with-guava.jar","isSystem":false,"isOwn":false,"isTest":false,"isJavaContent":false},{"kind":"binary","path":"C:\\Users\\User\\.m2\\repository\\org\\checkerframework\\checker-qual\\3.5.0\\checker-qual-3.5.0.jar","sourceContainerUrl":"file:/C:/Users/User/.m2/repository/org/checkerframework/checker-qual/3.5.0/checker-qual-3.5.0-sources.jar","javadocContainerUrl":"file:/C:/Users/User/.m2/repository/org/checkerframework/checker-qual/3.5.0/checker-qual-3.5.0-javadoc.jar","isSystem":false,"isOwn":false,"isTest":false,"isJavaContent":false},{"kind":"binary","path":"C:\\Users\\User\\.m2\\repository\\com\\google\\errorprone\\error_prone_annotations\\2.3.4\\error_prone_annotations-2.3.4.jar","sourceContainerUrl":"file:/C:/Users/User/.m2/repository/com/google/errorprone/error_prone_annotations/2.3.4/error_prone_annotations-2.3.4-sources.jar","javadocContainerUrl":"file:/C:/Users/User/.m2/repository/com/google/errorprone/error_prone_annotations/2.3.4/error_prone_annotations-2.3.4-javadoc.jar","isSystem":false,"isOwn":false,"isTest":false,"isJavaContent":false},{"kind":"binary","path":"C:\\Users\\User\\.m2\\repository\\com\\google\\j2objc\\j2objc-annotations\\1.3\\j2objc-annotations-1.3.jar","sourceContainerUrl":"file:/C:/Users/User/.m2/repository/com/google/j2objc/j2objc-annotations/1.3/j2objc-annotations-1.3-sources.jar","javadocContainerUrl":"file:/C:/Users/User/.m2/repository/com/google/j2objc/j2objc-annotations/1.3/j2objc-annotations-1.3-javadoc.jar","isSystem":false,"isOwn":false,"isTest":false,"isJavaContent":false},{"kind":"binary","path":"C:\\Users\\User\\.m2\\repository\\javax\\ws\\rs\\jsr311-api\\1.1.1\\jsr311-api-1.1.1.jar","sourceContainerUrl":"file:/C:/Users/User/.m2/repository/javax/ws/rs/jsr311-api/1.1.1/jsr311-api-1.1.1-sources.jar","javadocContainerUrl":"file:/C:/Users/User/.m2/repository/javax/ws/rs/jsr311-api/1.1.1/jsr311-api-1.1.1-javadoc.jar","isSystem":false,"isOwn":false,"isTest":false,"isJavaContent":false},{"kind":"binary","path":"C:\\Users\\User\\.m2\\repository\\com\\netflix\\servo\\servo-core\\0.12.21\\servo-core-0.12.21.jar","sourceContainerUrl":"file:/C:/Users/User/.m2/repository/com/netflix/servo/servo-core/0.12.21/servo-core-0.12.21-sources.jar","javadocContainerUrl":"file:/C:/Users/User/.m2/repository/com/netflix/servo/servo-core/0.12.21/servo-core-0.12.21-javadoc.jar","isSystem":false,"isOwn":false,"isTest":false,"isJavaContent":false},{"kind":"binary","path":"C:\\Users\\User\\.m2\\repository\\com\\sun\\jersey\\jersey-core\\1.19.1\\jersey-core-1.19.1.jar","sourceContainerUrl":"file:/C:/Users/User/.m2/repository/com/sun/jersey/jersey-core/1.19.1/jersey-core-1.19.1-sources.jar","javadocContainerUrl":"file:/C:/Users/User/.m2/repository/com/sun/jersey/jersey-core/1.19.1/jersey-core-1.19.1-javadoc.jar","isSystem":false,"isOwn":false,"isTest":false,"isJavaContent":false},{"kind":"binary","path":"C:\\Users\\User\\.m2\\repository\\com\\sun\\jersey\\jersey-client\\1.19.1\\jersey-client-1.19.1.jar","sourceContainerUrl":"file:/C:/Users/User/.m2/repository/com/sun/jersey/jersey-client/1.19.1/jersey-client-1.19.1-sources.jar","javadocContainerUrl":"file:/C:/Users/User/.m2/repository/com/sun/jersey/jersey-client/1.19.1/jersey-client-1.19.1-javadoc.jar","isSystem":false,"isOwn":false,"isTest":false,"isJavaContent":false},{"kind":"binary","path":"C:\\Users\\User\\.m2\\repository\\com\\sun\\jersey\\contribs\\jersey-apache-client4\\1.19.1\\jersey-apache-client4-1.19.1.jar","sourceContainerUrl":"file:/C:/Users/User/.m2/repository/com/sun/jersey/contribs/jersey-apache-client4/1.19.1/jersey-apache-client4-1.19.1-sources.jar","javadocContainerUrl":"file:/C:/Users/User/.m2/repository/com/sun/jersey/contribs/jersey-apache-client4/1.19.1/jersey-apache-client4-1.19.1-javadoc.jar","isSystem":false,"isOwn":false,"isTest":false,"isJavaContent":false},{"kind":"binary","path":"C:\\Users\\User\\.m2\\repository\\org\\apache\\httpcomponents\\httpclient\\4.5.13\\httpclient-4.5.13.jar","sourceContainerUrl":"file:/C:/Users/User/.m2/repository/org/apache/httpcomponents/httpclient/4.5.13/httpclient-4.5.13-sources.jar","javadocContainerUrl":"file:/C:/Users/User/.m2/repository/org/apache/httpcomponents/httpclient/4.5.13/httpclient-4.5.13-javadoc.jar","isSystem":false,"isOwn":false,"isTest":false,"isJavaContent":false},{"kind":"binary","path":"C:\\Users\\User\\.m2\\repository\\org\\apache\\httpcomponents\\httpcore\\4.4.14\\httpcore-4.4.14.jar","sourceContainerUrl":"file:/C:/Users/User/.m2/repository/org/apache/httpcomponents/httpcore/4.4.14/httpcore-4.4.14-sources.jar","javadocContainerUrl":"file:/C:/Users/User/.m2/repository/org/apache/httpcomponents/httpcore/4.4.14/httpcore-4.4.14-javadoc.jar","isSystem":false,"isOwn":false,"isTest":false,"isJavaContent":false},{"kind":"binary","path":"C:\\Users\\User\\.m2\\repository\\commons-codec\\commons-codec\\1.14\\commons-codec-1.14.jar","sourceContainerUrl":"file:/C:/Users/User/.m2/repository/commons-codec/commons-codec/1.14/commons-codec-1.14-sources.jar","javadocContainerUrl":"file:/C:/Users/User/.m2/repository/commons-codec/commons-codec/1.14/commons-codec-1.14-javadoc.jar","isSystem":false,"isOwn":false,"isTest":false,"isJavaContent":false},{"kind":"binary","path":"C:\\Users\\User\\.m2\\repository\\commons-configuration\\commons-configuration\\1.10\\commons-configuration-1.10.jar","sourceContainerUrl":"file:/C:/Users/User/.m2/repository/commons-configuration/commons-configuration/1.10/commons-configuration-1.10-sources.jar","javadocContainerUrl":"file:/C:/Users/User/.m2/repository/commons-configuration/commons-configuration/1.10/commons-configuration-1.10-javadoc.jar","isSystem":false,"isOwn":false,"isTest":false,"isJavaContent":false},{"kind":"binary","path":"C:\\Users\\User\\.m2\\repository\\commons-lang\\commons-lang\\2.6\\commons-lang-2.6.jar","sourceContainerUrl":"file:/C:/Users/User/.m2/repository/commons-lang/commons-lang/2.6/commons-lang-2.6-sources.jar","javadocContainerUrl":"file:/C:/Users/User/.m2/repository/commons-lang/commons-lang/2.6/commons-lang-2.6-javadoc.jar","isSystem":false,"isOwn":false,"isTest":false,"isJavaContent":false},{"kind":"binary","path":"C:\\Users\\User\\.m2\\repository\\com\\google\\inject\\guice\\4.1.0\\guice-4.1.0.jar","sourceContainerUrl":"file:/C:/Users/User/.m2/repository/com/google/inject/guice/4.1.0/guice-4.1.0-sources.jar","javadocContainerUrl":"file:/C:/Users/User/.m2/repository/com/google/inject/guice/4.1.0/guice-4.1.0-javadoc.jar","isSystem":false,"isOwn":false,"isTest":false,"isJavaContent":false},{"kind":"binary","path":"C:\\Users\\User\\.m2\\repository\\javax\\inject\\javax.inject\\1\\javax.inject-1.jar","sourceContainerUrl":"file:/C:/Users/User/.m2/repository/javax/inject/javax.inject/1/javax.inject-1-sources.jar","javadocContainerUrl":"file:/C:/Users/User/.m2/repository/javax/inject/javax.inject/1/javax.inject-1-javadoc.jar","isSystem":false,"isOwn":false,"isTest":false,"isJavaContent":false},{"kind":"binary","path":"C:\\Users\\User\\.m2\\repository\\aopalliance\\aopalliance\\1.0\\aopalliance-1.0.jar","sourceContainerUrl":"file:/C:/Users/User/.m2/repository/aopalliance/aopalliance/1.0/aopalliance-1.0-sources.jar","isSystem":false,"isOwn":false,"isTest":false,"isJavaContent":false},{"kind":"binary","path":"C:\\Users\\User\\.m2\\repository\\com\\fasterxml\\jackson\\core\\jackson-annotations\\2.11.4\\jackson-annotations-2.11.4.jar","sourceContainerUrl":"file:/C:/Users/User/.m2/repository/com/fasterxml/jackson/core/jackson-annotations/2.11.4/jackson-annotations-2.11.4-sources.jar","javadocContainerUrl":"file:/C:/Users/User/.m2/repository/com/fasterxml/jackson/core/jackson-annotations/2.11.4/jackson-annotations-2.11.4-javadoc.jar","isSystem":false,"isOwn":false,"isTest":false,"isJavaContent":false},{"kind":"binary","path":"C:\\Users\\User\\.m2\\repository\\com\\fasterxml\\jackson\\core\\jackson-core\\2.11.4\\jackson-core-2.11.4.jar","sourceContainerUrl":"file:/C:/Users/User/.m2/repository/com/fasterxml/jackson/core/jackson-core/2.11.4/jackson-core-2.11.4-sources.jar","javadocContainerUrl":"file:/C:/Users/User/.m2/repository/com/fasterxml/jackson/core/jackson-core/2.11.4/jackson-core-2.11.4-javadoc.jar","isSystem":false,"isOwn":false,"isTest":false,"isJavaContent":false},{"kind":"binary","path":"C:\\Users\\User\\.m2\\repository\\com\\fasterxml\\jackson\\core\\jackson-databind\\2.11.4\\jackson-databind-2.11.4.jar","sourceContainerUrl":"file:/C:/Users/User/.m2/repository/com/fasterxml/jackson/core/jackson-databind/2.11.4/jackson-databind-2.11.4-sources.jar","javadocContainerUrl":"file:/C:/Users/User/.m2/repository/com/fasterxml/jackson/core/jackson-databind/2.11.4/jackson-databind-2.11.4-javadoc.jar","isSystem":false,"isOwn":false,"isTest":false,"isJavaContent":false},{"kind":"binary","path":"C:\\Users\\User\\.m2\\repository\\org\\codehaus\\jettison\\jettison\\1.4.0\\jettison-1.4.0.jar","sourceContainerUrl":"file:/C:/Users/User/.m2/repository/org/codehaus/jettison/jettison/1.4.0/jettison-1.4.0-sources.jar","javadocContainerUrl":"file:/C:/Users/User/.m2/repository/org/codehaus/jettison/jettison/1.4.0/jettison-1.4.0-javadoc.jar","isSystem":false,"isOwn":false,"isTest":false,"isJavaContent":false},{"kind":"binary","path":"C:\\Users\\User\\.m2\\repository\\com\\netflix\\eureka\\eureka-core\\1.10.11\\eureka-core-1.10.11.jar","sourceContainerUrl":"file:/C:/Users/User/.m2/repository/com/netflix/eureka/eureka-core/1.10.11/eureka-core-1.10.11-sources.jar","javadocContainerUrl":"file:/C:/Users/User/.m2/repository/com/netflix/eureka/eureka-core/1.10.11/eureka-core-1.10.11-javadoc.jar","isSystem":false,"isOwn":false,"isTest":false,"isJavaContent":false},{"kind":"binary","path":"C:\\Users\\User\\.m2\\repository\\com\\fasterxml\\woodstox\\woodstox-core\\5.3.0\\woodstox-core-5.3.0.jar","sourceContainerUrl":"file:/C:/Users/User/.m2/repository/com/fasterxml/woodstox/woodstox-core/5.3.0/woodstox-core-5.3.0-sources.jar","javadocContainerUrl":"file:/C:/Users/User/.m2/repository/com/fasterxml/woodstox/woodstox-core/5.3.0/woodstox-core-5.3.0-javadoc.jar","isSystem":false,"isOwn":false,"isTest":false,"isJavaContent":false},{"kind":"binary","path":"C:\\Users\\User\\.m2\\repository\\org\\codehaus\\woodstox\\stax2-api\\4.2\\stax2-api-4.2.jar","sourceContainerUrl":"file:/C:/Users/User/.m2/repository/org/codehaus/woodstox/stax2-api/4.2/stax2-api-4.2-sources.jar","javadocContainerUrl":"file:/C:/Users/User/.m2/repository/org/codehaus/woodstox/stax2-api/4.2/stax2-api-4.2-javadoc.jar","isSystem":false,"isOwn":false,"isTest":false,"isJavaContent":false},{"kind":"binary","path":"C:\\Users\\User\\.m2\\repository\\org\\springframework\\cloud\\spring-cloud-starter-netflix-archaius\\2.2.8.RELEASE\\spring-cloud-starter-netflix-archaius-2.2.8.RELEASE.jar","isSystem":false,"isOwn":false,"isTest":false,"isJavaContent":false},{"kind":"binary","path":"C:\\Users\\User\\.m2\\repository\\org\\springframework\\cloud\\spring-cloud-netflix-ribbon\\2.2.8.RELEASE\\spring-cloud-netflix-ribbon-2.2.8.RELEASE.jar","sourceContainerUrl":"file:/C:/Users/User/.m2/repository/org/springframework/cloud/spring-cloud-netflix-ribbon/2.2.8.RELEASE/spring-cloud-netflix-ribbon-2.2.8.RELEASE-sources.jar","javadocContainerUrl":"file:/C:/Users/User/.m2/repository/org/springframework/cloud/spring-cloud-netflix-ribbon/2.2.8.RELEASE/spring-cloud-netflix-ribbon-2.2.8.RELEASE-javadoc.jar","isSystem":false,"isOwn":false,"isTest":false,"isJavaContent":false},{"kind":"binary","path":"C:\\Users\\User\\.m2\\repository\\org\\springframework\\cloud\\spring-cloud-netflix-archaius\\2.2.8.RELEASE\\spring-cloud-netflix-archaius-2.2.8.RELEASE.jar","sourceContainerUrl":"file:/C:/Users/User/.m2/repository/org/springframework/cloud/spring-cloud-netflix-archaius/2.2.8.RELEASE/spring-cloud-netflix-archaius-2.2.8.RELEASE-sources.jar","javadocContainerUrl":"file:/C:/Users/User/.m2/repository/org/springframework/cloud/spring-cloud-netflix-archaius/2.2.8.RELEASE/spring-cloud-netflix-archaius-2.2.8.RELEASE-javadoc.jar","isSystem":false,"isOwn":false,"isTest":false,"isJavaContent":false},{"kind":"binary","path":"C:\\Users\\User\\.m2\\repository\\org\\springframework\\cloud\\spring-cloud-starter-netflix-ribbon\\2.2.8.RELEASE\\spring-cloud-starter-netflix-ribbon-2.2.8.RELEASE.jar","javadocContainerUrl":"file:/C:/Users/User/.m2/repository/org/springframework/cloud/spring-cloud-starter-netflix-ribbon/2.2.8.RELEASE/spring-cloud-starter-netflix-ribbon-2.2.8.RELEASE-javadoc.jar","isSystem":false,"isOwn":false,"isTest":false,"isJavaContent":false},{"kind":"binary","path":"C:\\Users\\User\\.m2\\repository\\com\\netflix\\ribbon\\ribbon\\2.3.0\\ribbon-2.3.0.jar","sourceContainerUrl":"file:/C:/Users/User/.m2/repository/com/netflix/ribbon/ribbon/2.3.0/ribbon-2.3.0-sources.jar","javadocContainerUrl":"file:/C:/Users/User/.m2/repository/com/netflix/ribbon/ribbon/2.3.0/ribbon-2.3.0-javadoc.jar","isSystem":false,"isOwn":false,"isTest":false,"isJavaContent":false},{"kind":"binary","path":"C:\\Users\\User\\.m2\\repository\\com\\netflix\\ribbon\\ribbon-transport\\2.3.0\\ribbon-transport-2.3.0.jar","sourceContainerUrl":"file:/C:/Users/User/.m2/repository/com/netflix/ribbon/ribbon-transport/2.3.0/ribbon-transport-2.3.0-sources.jar","javadocContainerUrl":"file:/C:/Users/User/.m2/repository/com/netflix/ribbon/ribbon-transport/2.3.0/ribbon-transport-2.3.0-javadoc.jar","isSystem":false,"isOwn":false,"isTest":false,"isJavaContent":false},{"kind":"binary","path":"C:\\Users\\User\\.m2\\repository\\io\\reactivex\\rxnetty-contexts\\0.4.9\\rxnetty-contexts-0.4.9.jar","sourceContainerUrl":"file:/C:/Users/User/.m2/repository/io/reactivex/rxnetty-contexts/0.4.9/rxnetty-contexts-0.4.9-sources.jar","javadocContainerUrl":"file:/C:/Users/User/.m2/repository/io/reactivex/rxnetty-contexts/0.4.9/rxnetty-contexts-0.4.9-javadoc.jar","isSystem":false,"isOwn":false,"isTest":false,"isJavaContent":false},{"kind":"binary","path":"C:\\Users\\User\\.m2\\repository\\io\\reactivex\\rxnetty-servo\\0.4.9\\rxnetty-servo-0.4.9.jar","sourceContainerUrl":"file:/C:/Users/User/.m2/repository/io/reactivex/rxnetty-servo/0.4.9/rxnetty-servo-0.4.9-sources.jar","javadocContainerUrl":"file:/C:/Users/User/.m2/repository/io/reactivex/rxnetty-servo/0.4.9/rxnetty-servo-0.4.9-javadoc.jar","isSystem":false,"isOwn":false,"isTest":false,"isJavaContent":false},{"kind":"binary","path":"C:\\Users\\User\\.m2\\repository\\io\\reactivex\\rxnetty\\0.4.9\\rxnetty-0.4.9.jar","sourceContainerUrl":"file:/C:/Users/User/.m2/repository/io/reactivex/rxnetty/0.4.9/rxnetty-0.4.9-sources.jar","javadocContainerUrl":"file:/C:/Users/User/.m2/repository/io/reactivex/rxnetty/0.4.9/rxnetty-0.4.9-javadoc.jar","isSystem":false,"isOwn":false,"isTest":false,"isJavaContent":false},{"kind":"binary","path":"C:\\Users\\User\\.m2\\repository\\com\\netflix\\ribbon\\ribbon-core\\2.3.0\\ribbon-core-2.3.0.jar","sourceContainerUrl":"file:/C:/Users/User/.m2/repository/com/netflix/ribbon/ribbon-core/2.3.0/ribbon-core-2.3.0-sources.jar","javadocContainerUrl":"file:/C:/Users/User/.m2/repository/com/netflix/ribbon/ribbon-core/2.3.0/ribbon-core-2.3.0-javadoc.jar","isSystem":false,"isOwn":false,"isTest":false,"isJavaContent":false},{"kind":"binary","path":"C:\\Users\\User\\.m2\\repository\\com\\netflix\\ribbon\\ribbon-httpclient\\2.3.0\\ribbon-httpclient-2.3.0.jar","sourceContainerUrl":"file:/C:/Users/User/.m2/repository/com/netflix/ribbon/ribbon-httpclient/2.3.0/ribbon-httpclient-2.3.0-sources.jar","javadocContainerUrl":"file:/C:/Users/User/.m2/repository/com/netflix/ribbon/ribbon-httpclient/2.3.0/ribbon-httpclient-2.3.0-javadoc.jar","isSystem":false,"isOwn":false,"isTest":false,"isJavaContent":false},{"kind":"binary","path":"C:\\Users\\User\\.m2\\repository\\commons-collections\\commons-collections\\3.2.2\\commons-collections-3.2.2.jar","sourceContainerUrl":"file:/C:/Users/User/.m2/repository/commons-collections/commons-collections/3.2.2/commons-collections-3.2.2-sources.jar","javadocContainerUrl":"file:/C:/Users/User/.m2/repository/commons-collections/commons-collections/3.2.2/commons-collections-3.2.2-javadoc.jar","isSystem":false,"isOwn":false,"isTest":false,"isJavaContent":false},{"kind":"binary","path":"C:\\Users\\User\\.m2\\repository\\com\\netflix\\ribbon\\ribbon-loadbalancer\\2.3.0\\ribbon-loadbalancer-2.3.0.jar","sourceContainerUrl":"file:/C:/Users/User/.m2/repository/com/netflix/ribbon/ribbon-loadbalancer/2.3.0/ribbon-loadbalancer-2.3.0-sources.jar","javadocContainerUrl":"file:/C:/Users/User/.m2/repository/com/netflix/ribbon/ribbon-loadbalancer/2.3.0/ribbon-loadbalancer-2.3.0-javadoc.jar","isSystem":false,"isOwn":false,"isTest":false,"isJavaContent":false},{"kind":"binary","path":"C:\\Users\\User\\.m2\\repository\\com\\netflix\\netflix-commons\\netflix-statistics\\0.1.1\\netflix-statistics-0.1.1.jar","sourceContainerUrl":"file:/C:/Users/User/.m2/repository/com/netflix/netflix-commons/netflix-statistics/0.1.1/netflix-statistics-0.1.1-sources.jar","javadocContainerUrl":"file:/C:/Users/User/.m2/repository/com/netflix/netflix-commons/netflix-statistics/0.1.1/netflix-statistics-0.1.1-javadoc.jar","isSystem":false,"isOwn":false,"isTest":false,"isJavaContent":false},{"kind":"binary","path":"C:\\Users\\User\\.m2\\repository\\io\\reactivex\\rxjava\\1.3.8\\rxjava-1.3.8.jar","sourceContainerUrl":"file:/C:/Users/User/.m2/repository/io/reactivex/rxjava/1.3.8/rxjava-1.3.8-sources.jar","javadocContainerUrl":"file:/C:/Users/User/.m2/repository/io/reactivex/rxjava/1.3.8/rxjava-1.3.8-javadoc.jar","isSystem":false,"isOwn":false,"isTest":false,"isJavaContent":false},{"kind":"binary","path":"C:\\Users\\User\\.m2\\repository\\org\\springframework\\cloud\\spring-cloud-starter-loadbalancer\\2.2.8.RELEASE\\spring-cloud-starter-loadbalancer-2.2.8.RELEASE.jar","isSystem":false,"isOwn":false,"isTest":false,"isJavaContent":false},{"kind":"binary","path":"C:\\Users\\User\\.m2\\repository\\org\\springframework\\cloud\\spring-cloud-loadbalancer\\2.2.8.RELEASE\\spring-cloud-loadbalancer-2.2.8.RELEASE.jar","sourceContainerUrl":"file:/C:/Users/User/.m2/repository/org/springframework/cloud/spring-cloud-loadbalancer/2.2.8.RELEASE/spring-cloud-loadbalancer-2.2.8.RELEASE-sources.jar","javadocContainerUrl":"file:/C:/Users/User/.m2/repository/org/springframework/cloud/spring-cloud-loadbalancer/2.2.8.RELEASE/spring-cloud-loadbalancer-2.2.8.RELEASE-javadoc.jar","isSystem":false,"isOwn":false,"isTest":false,"isJavaContent":false},{"kind":"binary","path":"C:\\Users\\User\\.m2\\repository\\org\\springframework\\boot\\spring-boot-starter-validation\\2.3.12.RELEASE\\spring-boot-starter-validation-2.3.12.RELEASE.jar","sourceContainerUrl":"file:/C:/Users/User/.m2/repository/org/springframework/boot/spring-boot-starter-validation/2.3.12.RELEASE/spring-boot-starter-validation-2.3.12.RELEASE-sources.jar","javadocContainerUrl":"file:/C:/Users/User/.m2/repository/org/springframework/boot/spring-boot-starter-validation/2.3.12.RELEASE/spring-boot-starter-validation-2.3.12.RELEASE-javadoc.jar","isSystem":false,"isOwn":false,"isTest":false,"isJavaContent":false},{"kind":"binary","path":"C:\\Users\\User\\.m2\\repository\\org\\hibernate\\validator\\hibernate-validator\\6.1.7.Final\\hibernate-validator-6.1.7.Final.jar","sourceContainerUrl":"file:/C:/Users/User/.m2/repository/org/hibernate/validator/hibernate-validator/6.1.7.Final/hibernate-validator-6.1.7.Final-sources.jar","isSystem":false,"isOwn":false,"isTest":false,"isJavaContent":false},{"kind":"binary","path":"C:\\Users\\User\\.m2\\repository\\jakarta\\validation\\jakarta.validation-api\\2.0.2\\jakarta.validation-api-2.0.2.jar","sourceContainerUrl":"file:/C:/Users/User/.m2/repository/jakarta/validation/jakarta.validation-api/2.0.2/jakarta.validation-api-2.0.2-sources.jar","javadocContainerUrl":"file:/C:/Users/User/.m2/repository/jakarta/validation/jakarta.validation-api/2.0.2/jakarta.validation-api-2.0.2-javadoc.jar","isSystem":false,"isOwn":false,"isTest":false,"isJavaContent":false},{"kind":"binary","path":"C:\\Users\\User\\.m2\\repository\\org\\jboss\\logging\\jboss-logging\\3.4.2.Final\\jboss-logging-3.4.2.Final.jar","sourceContainerUrl":"file:/C:/Users/User/.m2/repository/org/jboss/logging/jboss-logging/3.4.2.Final/jboss-logging-3.4.2.Final-sources.jar","javadocContainerUrl":"file:/C:/Users/User/.m2/repository/org/jboss/logging/jboss-logging/3.4.2.Final/jboss-logging-3.4.2.Final-javadoc.jar","isSystem":false,"isOwn":false,"isTest":false,"isJavaContent":false},{"kind":"binary","path":"C:\\Users\\User\\.m2\\repository\\com\\fasterxml\\classmate\\1.5.1\\classmate-1.5.1.jar","sourceContainerUrl":"file:/C:/Users/User/.m2/repository/com/fasterxml/classmate/1.5.1/classmate-1.5.1-sources.jar","javadocContainerUrl":"file:/C:/Users/User/.m2/repository/com/fasterxml/classmate/1.5.1/classmate-1.5.1-javadoc.jar","isSystem":false,"isOwn":false,"isTest":false,"isJavaContent":false},{"kind":"binary","path":"C:\\Users\\User\\.m2\\repository\\io\\projectreactor\\reactor-core\\3.3.17.RELEASE\\reactor-core-3.3.17.RELEASE.jar","sourceContainerUrl":"file:/C:/Users/User/.m2/repository/io/projectreactor/reactor-core/3.3.17.RELEASE/reactor-core-3.3.17.RELEASE-sources.jar","javadocContainerUrl":"file:/C:/Users/User/.m2/repository/io/projectreactor/reactor-core/3.3.17.RELEASE/reactor-core-3.3.17.RELEASE-javadoc.jar","isSystem":false,"isOwn":false,"isTest":false,"isJavaContent":false},{"kind":"binary","path":"C:\\Users\\User\\.m2\\repository\\io\\projectreactor\\addons\\reactor-extra\\3.3.6.RELEASE\\reactor-extra-3.3.6.RELEASE.jar","sourceContainerUrl":"file:/C:/Users/User/.m2/repository/io/projectreactor/addons/reactor-extra/3.3.6.RELEASE/reactor-extra-3.3.6.RELEASE-sources.jar","javadocContainerUrl":"file:/C:/Users/User/.m2/repository/io/projectreactor/addons/reactor-extra/3.3.6.RELEASE/reactor-extra-3.3.6.RELEASE-javadoc.jar","isSystem":false,"isOwn":false,"isTest":false,"isJavaContent":false},{"kind":"binary","path":"C:\\Users\\User\\.m2\\repository\\org\\springframework\\boot\\spring-boot-starter-cache\\2.3.12.RELEASE\\spring-boot-starter-cache-2.3.12.RELEASE.jar","sourceContainerUrl":"file:/C:/Users/User/.m2/repository/org/springframework/boot/spring-boot-starter-cache/2.3.12.RELEASE/spring-boot-starter-cache-2.3.12.RELEASE-sources.jar","javadocContainerUrl":"file:/C:/Users/User/.m2/repository/org/springframework/boot/spring-boot-starter-cache/2.3.12.RELEASE/spring-boot-starter-cache-2.3.12.RELEASE-javadoc.jar","isSystem":false,"isOwn":false,"isTest":false,"isJavaContent":false},{"kind":"binary","path":"C:\\Users\\User\\.m2\\repository\\org\\springframework\\spring-context-support\\5.2.15.RELEASE\\spring-context-support-5.2.15.RELEASE.jar","sourceContainerUrl":"file:/C:/Users/User/.m2/repository/org/springframework/spring-context-support/5.2.15.RELEASE/spring-context-support-5.2.15.RELEASE-sources.jar","javadocContainerUrl":"file:/C:/Users/User/.m2/repository/org/springframework/spring-context-support/5.2.15.RELEASE/spring-context-support-5.2.15.RELEASE-javadoc.jar","isSystem":false,"isOwn":false,"isTest":false,"isJavaContent":false},{"kind":"binary","path":"C:\\Users\\User\\.m2\\repository\\com\\stoyanr\\evictor\\1.0.0\\evictor-1.0.0.jar","sourceContainerUrl":"file:/C:/Users/User/.m2/repository/com/stoyanr/evictor/1.0.0/evictor-1.0.0-sources.jar","javadocContainerUrl":"file:/C:/Users/User/.m2/repository/com/stoyanr/evictor/1.0.0/evictor-1.0.0-javadoc.jar","isSystem":false,"isOwn":false,"isTest":false,"isJavaContent":false},{"kind":"binary","path":"C:\\Users\\User\\.m2\\repository\\com\\netflix\\ribbon\\ribbon-eureka\\2.3.0\\ribbon-eureka-2.3.0.jar","sourceContainerUrl":"file:/C:/Users/User/.m2/repository/com/netflix/ribbon/ribbon-eureka/2.3.0/ribbon-eureka-2.3.0-sources.jar","javadocContainerUrl":"file:/C:/Users/User/.m2/repository/com/netflix/ribbon/ribbon-eureka/2.3.0/ribbon-eureka-2.3.0-javadoc.jar","isSystem":false,"isOwn":false,"isTest":false,"isJavaContent":false},{"kind":"binary","path":"C:\\Users\\User\\.m2\\repository\\org\\slf4j\\slf4j-api\\1.7.30\\slf4j-api-1.7.30.jar","sourceContainerUrl":"file:/C:/Users/User/.m2/repository/org/slf4j/slf4j-api/1.7.30/slf4j-api-1.7.30-sources.jar","javadocContainerUrl":"file:/C:/Users/User/.m2/repository/org/slf4j/slf4j-api/1.7.30/slf4j-api-1.7.30-javadoc.jar","isSystem":false,"isOwn":false,"isTest":false,"isJavaContent":false},{"kind":"binary","path":"C:\\Users\\User\\.m2\\repository\\org\\springframework\\cloud\\spring-cloud-starter-netflix-zuul\\2.2.8.RELEASE\\spring-cloud-starter-netflix-zuul-2.2.8.RELEASE.jar","isSystem":false,"isOwn":false,"isTest":false,"isJavaContent":false},{"kind":"binary","path":"C:\\Users\\User\\.m2\\repository\\org\\springframework\\cloud\\spring-cloud-netflix-zuul\\2.2.8.RELEASE\\spring-cloud-netflix-zuul-2.2.8.RELEASE.jar","sourceContainerUrl":"file:/C:/Users/User/.m2/repository/org/springframework/cloud/spring-cloud-netflix-zuul/2.2.8.RELEASE/spring-cloud-netflix-zuul-2.2.8.RELEASE-sources.jar","javadocContainerUrl":"file:/C:/Users/User/.m2/repository/org/springframework/cloud/spring-cloud-netflix-zuul/2.2.8.RELEASE/spring-cloud-netflix-zuul-2.2.8.RELEASE-javadoc.jar","isSystem":false,"isOwn":false,"isTest":false,"isJavaContent":false},{"kind":"binary","path":"C:\\Users\\User\\.m2\\repository\\com\\netflix\\netflix-commons\\netflix-commons-util\\0.3.0\\netflix-commons-util-0.3.0.jar","sourceContainerUrl":"file:/C:/Users/User/.m2/repository/com/netflix/netflix-commons/netflix-commons-util/0.3.0/netflix-commons-util-0.3.0-sources.jar","javadocContainerUrl":"file:/C:/Users/User/.m2/repository/com/netflix/netflix-commons/netflix-commons-util/0.3.0/netflix-commons-util-0.3.0-javadoc.jar","isSystem":false,"isOwn":false,"isTest":false,"isJavaContent":false},{"kind":"binary","path":"C:\\Users\\User\\.m2\\repository\\org\\springframework\\boot\\spring-boot-starter-web\\2.3.12.RELEASE\\spring-boot-starter-web-2.3.12.RELEASE.jar","sourceContainerUrl":"file:/C:/Users/User/.m2/repository/org/springframework/boot/spring-boot-starter-web/2.3.12.RELEASE/spring-boot-starter-web-2.3.12.RELEASE-sources.jar","javadocContainerUrl":"file:/C:/Users/User/.m2/repository/org/springframework/boot/spring-boot-starter-web/2.3.12.RELEASE/spring-boot-starter-web-2.3.12.RELEASE-javadoc.jar","isSystem":false,"isOwn":false,"isTest":false,"isJavaContent":false},{"kind":"binary","path":"C:\\Users\\User\\.m2\\repository\\org\\springframework\\boot\\spring-boot-starter-json\\2.3.12.RELEASE\\spring-boot-starter-json-2.3.12.RELEASE.jar","sourceContainerUrl":"file:/C:/Users/User/.m2/repository/org/springframework/boot/spring-boot-starter-json/2.3.12.RELEASE/spring-boot-starter-json-2.3.12.RELEASE-sources.jar","javadocContainerUrl":"file:/C:/Users/User/.m2/repository/org/springframework/boot/spring-boot-starter-json/2.3.12.RELEASE/spring-boot-starter-json-2.3.12.RELEASE-javadoc.jar","isSystem":false,"isOwn":false,"isTest":false,"isJavaContent":false},{"kind":"binary","path":"C:\\Users\\User\\.m2\\repository\\com\\fasterxml\\jackson\\datatype\\jackson-datatype-jdk8\\2.11.4\\jackson-datatype-jdk8-2.11.4.jar","sourceContainerUrl":"file:/C:/Users/User/.m2/repository/com/fasterxml/jackson/datatype/jackson-datatype-jdk8/2.11.4/jackson-datatype-jdk8-2.11.4-sources.jar","javadocContainerUrl":"file:/C:/Users/User/.m2/repository/com/fasterxml/jackson/datatype/jackson-datatype-jdk8/2.11.4/jackson-datatype-jdk8-2.11.4-javadoc.jar","isSystem":false,"isOwn":false,"isTest":false,"isJavaContent":false},{"kind":"binary","path":"C:\\Users\\User\\.m2\\repository\\com\\fasterxml\\jackson\\datatype\\jackson-datatype-jsr310\\2.11.4\\jackson-datatype-jsr310-2.11.4.jar","sourceContainerUrl":"file:/C:/Users/User/.m2/repository/com/fasterxml/jackson/datatype/jackson-datatype-jsr310/2.11.4/jackson-datatype-jsr310-2.11.4-sources.jar","javadocContainerUrl":"file:/C:/Users/User/.m2/repository/com/fasterxml/jackson/datatype/jackson-datatype-jsr310/2.11.4/jackson-datatype-jsr310-2.11.4-javadoc.jar","isSystem":false,"isOwn":false,"isTest":false,"isJavaContent":false},{"kind":"binary","path":"C:\\Users\\User\\.m2\\repository\\com\\fasterxml\\jackson\\module\\jackson-module-parameter-names\\2.11.4\\jackson-module-parameter-names-2.11.4.jar","sourceContainerUrl":"file:/C:/Users/User/.m2/repository/com/fasterxml/jackson/module/jackson-module-parameter-names/2.11.4/jackson-module-parameter-names-2.11.4-sources.jar","javadocContainerUrl":"file:/C:/Users/User/.m2/repository/com/fasterxml/jackson/module/jackson-module-parameter-names/2.11.4/jackson-module-parameter-names-2.11.4-javadoc.jar","isSystem":false,"isOwn":false,"isTest":false,"isJavaContent":false},{"kind":"binary","path":"C:\\Users\\User\\.m2\\repository\\org\\springframework\\boot\\spring-boot-starter-tomcat\\2.3.12.RELEASE\\spring-boot-starter-tomcat-2.3.12.RELEASE.jar","sourceContainerUrl":"file:/C:/Users/User/.m2/repository/org/springframework/boot/spring-boot-starter-tomcat/2.3.12.RELEASE/spring-boot-starter-tomcat-2.3.12.RELEASE-sources.jar","javadocContainerUrl":"file:/C:/Users/User/.m2/repository/org/springframework/boot/spring-boot-starter-tomcat/2.3.12.RELEASE/spring-boot-starter-tomcat-2.3.12.RELEASE-javadoc.jar","isSystem":false,"isOwn":false,"isTest":false,"isJavaContent":false},{"kind":"binary","path":"C:\\Users\\User\\.m2\\repository\\org\\apache\\tomcat\\embed\\tomcat-embed-core\\9.0.46\\tomcat-embed-core-9.0.46.jar","sourceContainerUrl":"file:/C:/Users/User/.m2/repository/org/apache/tomcat/embed/tomcat-embed-core/9.0.46/tomcat-embed-core-9.0.46-sources.jar","isSystem":false,"isOwn":false,"isTest":false,"isJavaContent":false},{"kind":"binary","path":"C:\\Users\\User\\.m2\\repository\\org\\glassfish\\jakarta.el\\3.0.3\\jakarta.el-3.0.3.jar","sourceContainerUrl":"file:/C:/Users/User/.m2/repository/org/glassfish/jakarta.el/3.0.3/jakarta.el-3.0.3-sources.jar","javadocContainerUrl":"file:/C:/Users/User/.m2/repository/org/glassfish/jakarta.el/3.0.3/jakarta.el-3.0.3-javadoc.jar","isSystem":false,"isOwn":false,"isTest":false,"isJavaContent":false},{"kind":"binary","path":"C:\\Users\\User\\.m2\\repository\\org\\apache\\tomcat\\embed\\tomcat-embed-websocket\\9.0.46\\tomcat-embed-websocket-9.0.46.jar","sourceContainerUrl":"file:/C:/Users/User/.m2/repository/org/apache/tomcat/embed/tomcat-embed-websocket/9.0.46/tomcat-embed-websocket-9.0.46-sources.jar","isSystem":false,"isOwn":false,"isTest":false,"isJavaContent":false},{"kind":"binary","path":"C:\\Users\\User\\.m2\\repository\\org\\springframework\\spring-web\\5.2.15.RELEASE\\spring-web-5.2.15.RELEASE.jar","sourceContainerUrl":"file:/C:/Users/User/.m2/repository/org/springframework/spring-web/5.2.15.RELEASE/spring-web-5.2.15.RELEASE-sources.jar","javadocContainerUrl":"file:/C:/Users/User/.m2/repository/org/springframework/spring-web/5.2.15.RELEASE/spring-web-5.2.15.RELEASE-javadoc.jar","isSystem":false,"isOwn":false,"isTest":false,"isJavaContent":false},{"kind":"binary","path":"C:\\Users\\User\\.m2\\repository\\org\\springframework\\spring-beans\\5.2.15.RELEASE\\spring-beans-5.2.15.RELEASE.jar","sourceContainerUrl":"file:/C:/Users/User/.m2/repository/org/springframework/spring-beans/5.2.15.RELEASE/spring-beans-5.2.15.RELEASE-sources.jar","javadocContainerUrl":"file:/C:/Users/User/.m2/repository/org/springframework/spring-beans/5.2.15.RELEASE/spring-beans-5.2.15.RELEASE-javadoc.jar","isSystem":false,"isOwn":false,"isTest":false,"isJavaContent":false},{"kind":"binary","path":"C:\\Users\\User\\.m2\\repository\\org\\springframework\\spring-webmvc\\5.2.15.RELEASE\\spring-webmvc-5.2.15.RELEASE.jar","sourceContainerUrl":"file:/C:/Users/User/.m2/repository/org/springframework/spring-webmvc/5.2.15.RELEASE/spring-webmvc-5.2.15.RELEASE-sources.jar","javadocContainerUrl":"file:/C:/Users/User/.m2/repository/org/springframework/spring-webmvc/5.2.15.RELEASE/spring-webmvc-5.2.15.RELEASE-javadoc.jar","isSystem":false,"isOwn":false,"isTest":false,"isJavaContent":false},{"kind":"binary","path":"C:\\Users\\User\\.m2\\repository\\org\\springframework\\spring-expression\\5.2.15.RELEASE\\spring-expression-5.2.15.RELEASE.jar","sourceContainerUrl":"file:/C:/Users/User/.m2/repository/org/springframework/spring-expression/5.2.15.RELEASE/spring-expression-5.2.15.RELEASE-sources.jar","javadocContainerUrl":"file:/C:/Users/User/.m2/repository/org/springframework/spring-expression/5.2.15.RELEASE/spring-expression-5.2.15.RELEASE-javadoc.jar","isSystem":false,"isOwn":false,"isTest":false,"isJavaContent":false},{"kind":"binary","path":"C:\\Users\\User\\.m2\\repository\\org\\springframework\\boot\\spring-boot-starter-actuator\\2.3.12.RELEASE\\spring-boot-starter-actuator-2.3.12.RELEASE.jar","sourceContainerUrl":"file:/C:/Users/User/.m2/repository/org/springframework/boot/spring-boot-starter-actuator/2.3.12.RELEASE/spring-boot-starter-actuator-2.3.12.RELEASE-sources.jar","javadocContainerUrl":"file:/C:/Users/User/.m2/repository/org/springframework/boot/spring-boot-starter-actuator/2.3.12.RELEASE/spring-boot-starter-actuator-2.3.12.RELEASE-javadoc.jar","isSystem":false,"isOwn":false,"isTest":false,"isJavaContent":false},{"kind":"binary","path":"C:\\Users\\User\\.m2\\repository\\org\\springframework\\boot\\spring-boot-actuator-autoconfigure\\2.3.12.RELEASE\\spring-boot-actuator-autoconfigure-2.3.12.RELEASE.jar","sourceContainerUrl":"file:/C:/Users/User/.m2/repository/org/springframework/boot/spring-boot-actuator-autoconfigure/2.3.12.RELEASE/spring-boot-actuator-autoconfigure-2.3.12.RELEASE-sources.jar","javadocContainerUrl":"file:/C:/Users/User/.m2/repository/org/springframework/boot/spring-boot-actuator-autoconfigure/2.3.12.RELEASE/spring-boot-actuator-autoconfigure-2.3.12.RELEASE-javadoc.jar","isSystem":false,"isOwn":false,"isTest":false,"isJavaContent":false},{"kind":"binary","path":"C:\\Users\\User\\.m2\\repository\\org\\springframework\\boot\\spring-boot-actuator\\2.3.12.RELEASE\\spring-boot-actuator-2.3.12.RELEASE.jar","sourceContainerUrl":"file:/C:/Users/User/.m2/repository/org/springframework/boot/spring-boot-actuator/2.3.12.RELEASE/spring-boot-actuator-2.3.12.RELEASE-sources.jar","javadocContainerUrl":"file:/C:/Users/User/.m2/repository/org/springframework/boot/spring-boot-actuator/2.3.12.RELEASE/spring-boot-actuator-2.3.12.RELEASE-javadoc.jar","isSystem":false,"isOwn":false,"isTest":false,"isJavaContent":false},{"kind":"binary","path":"C:\\Users\\User\\.m2\\repository\\io\\micrometer\\micrometer-core\\1.5.14\\micrometer-core-1.5.14.jar","sourceContainerUrl":"file:/C:/Users/User/.m2/repository/io/micrometer/micrometer-core/1.5.14/micrometer-core-1.5.14-sources.jar","javadocContainerUrl":"file:/C:/Users/User/.m2/repository/io/micrometer/micrometer-core/1.5.14/micrometer-core-1.5.14-javadoc.jar","isSystem":false,"isOwn":false,"isTest":false,"isJavaContent":false},{"kind":"binary","path":"C:\\Users\\User\\.m2\\repository\\org\\hdrhistogram\\HdrHistogram\\2.1.12\\HdrHistogram-2.1.12.jar","sourceContainerUrl":"file:/C:/Users/User/.m2/repository/org/hdrhistogram/HdrHistogram/2.1.12/HdrHistogram-2.1.12-sources.jar","javadocContainerUrl":"file:/C:/Users/User/.m2/repository/org/hdrhistogram/HdrHistogram/2.1.12/HdrHistogram-2.1.12-javadoc.jar","isSystem":false,"isOwn":false,"isTest":false,"isJavaContent":false},{"kind":"binary","path":"C:\\Users\\User\\.m2\\repository\\org\\latencyutils\\LatencyUtils\\2.0.3\\LatencyUtils-2.0.3.jar","sourceContainerUrl":"file:/C:/Users/User/.m2/repository/org/latencyutils/LatencyUtils/2.0.3/LatencyUtils-2.0.3-sources.jar","javadocContainerUrl":"file:/C:/Users/User/.m2/repository/org/latencyutils/LatencyUtils/2.0.3/LatencyUtils-2.0.3-javadoc.jar","isSystem":false,"isOwn":false,"isTest":false,"isJavaContent":false},{"kind":"binary","path":"C:\\Users\\User\\.m2\\repository\\org\\springframework\\cloud\\spring-cloud-starter-netflix-hystrix\\2.2.8.RELEASE\\spring-cloud-starter-netflix-hystrix-2.2.8.RELEASE.jar","javadocContainerUrl":"file:/C:/Users/User/.m2/repository/org/springframework/cloud/spring-cloud-starter-netflix-hystrix/2.2.8.RELEASE/spring-cloud-starter-netflix-hystrix-2.2.8.RELEASE-javadoc.jar","isSystem":false,"isOwn":false,"isTest":false,"isJavaContent":false},{"kind":"binary","path":"C:\\Users\\User\\.m2\\repository\\com\\netflix\\hystrix\\hystrix-core\\1.5.18\\hystrix-core-1.5.18.jar","sourceContainerUrl":"file:/C:/Users/User/.m2/repository/com/netflix/hystrix/hystrix-core/1.5.18/hystrix-core-1.5.18-sources.jar","javadocContainerUrl":"file:/C:/Users/User/.m2/repository/com/netflix/hystrix/hystrix-core/1.5.18/hystrix-core-1.5.18-javadoc.jar","isSystem":false,"isOwn":false,"isTest":false,"isJavaContent":false},{"kind":"binary","path":"C:\\Users\\User\\.m2\\repository\\com\\netflix\\hystrix\\hystrix-serialization\\1.5.18\\hystrix-serialization-1.5.18.jar","sourceContainerUrl":"file:/C:/Users/User/.m2/repository/com/netflix/hystrix/hystrix-serialization/1.5.18/hystrix-serialization-1.5.18-sources.jar","javadocContainerUrl":"file:/C:/Users/User/.m2/repository/com/netflix/hystrix/hystrix-serialization/1.5.18/hystrix-serialization-1.5.18-javadoc.jar","isSystem":false,"isOwn":false,"isTest":false,"isJavaContent":false},{"kind":"binary","path":"C:\\Users\\User\\.m2\\repository\\com\\fasterxml\\jackson\\module\\jackson-module-afterburner\\2.11.4\\jackson-module-afterburner-2.11.4.jar","sourceContainerUrl":"file:/C:/Users/User/.m2/repository/com/fasterxml/jackson/module/jackson-module-afterburner/2.11.4/jackson-module-afterburner-2.11.4-sources.jar","javadocContainerUrl":"file:/C:/Users/User/.m2/repository/com/fasterxml/jackson/module/jackson-module-afterburner/2.11.4/jackson-module-afterburner-2.11.4-javadoc.jar","isSystem":false,"isOwn":false,"isTest":false,"isJavaContent":false},{"kind":"binary","path":"C:\\Users\\User\\.m2\\repository\\com\\netflix\\hystrix\\hystrix-metrics-event-stream\\1.5.18\\hystrix-metrics-event-stream-1.5.18.jar","sourceContainerUrl":"file:/C:/Users/User/.m2/repository/com/netflix/hystrix/hystrix-metrics-event-stream/1.5.18/hystrix-metrics-event-stream-1.5.18-sources.jar","javadocContainerUrl":"file:/C:/Users/User/.m2/repository/com/netflix/hystrix/hystrix-metrics-event-stream/1.5.18/hystrix-metrics-event-stream-1.5.18-javadoc.jar","isSystem":false,"isOwn":false,"isTest":false,"isJavaContent":false},{"kind":"binary","path":"C:\\Users\\User\\.m2\\repository\\com\\netflix\\hystrix\\hystrix-javanica\\1.5.18\\hystrix-javanica-1.5.18.jar","sourceContainerUrl":"file:/C:/Users/User/.m2/repository/com/netflix/hystrix/hystrix-javanica/1.5.18/hystrix-javanica-1.5.18-sources.jar","javadocContainerUrl":"file:/C:/Users/User/.m2/repository/com/netflix/hystrix/hystrix-javanica/1.5.18/hystrix-javanica-1.5.18-javadoc.jar","isSystem":false,"isOwn":false,"isTest":false,"isJavaContent":false},{"kind":"binary","path":"C:\\Users\\User\\.m2\\repository\\org\\apache\\commons\\commons-lang3\\3.10\\commons-lang3-3.10.jar","sourceContainerUrl":"file:/C:/Users/User/.m2/repository/org/apache/commons/commons-lang3/3.10/commons-lang3-3.10-sources.jar","javadocContainerUrl":"file:/C:/Users/User/.m2/repository/org/apache/commons/commons-lang3/3.10/commons-lang3-3.10-javadoc.jar","isSystem":false,"isOwn":false,"isTest":false,"isJavaContent":false},{"kind":"binary","path":"C:\\Users\\User\\.m2\\repository\\org\\ow2\\asm\\asm\\5.0.4\\asm-5.0.4.jar","sourceContainerUrl":"file:/C:/Users/User/.m2/repository/org/ow2/asm/asm/5.0.4/asm-5.0.4-sources.jar","javadocContainerUrl":"file:/C:/Users/User/.m2/repository/org/ow2/asm/asm/5.0.4/asm-5.0.4-javadoc.jar","isSystem":false,"isOwn":false,"isTest":false,"isJavaContent":false},{"kind":"binary","path":"C:\\Users\\User\\.m2\\repository\\io\\reactivex\\rxjava-reactive-streams\\1.2.1\\rxjava-reactive-streams-1.2.1.jar","sourceContainerUrl":"file:/C:/Users/User/.m2/repository/io/reactivex/rxjava-reactive-streams/1.2.1/rxjava-reactive-streams-1.2.1-sources.jar","javadocContainerUrl":"file:/C:/Users/User/.m2/repository/io/reactivex/rxjava-reactive-streams/1.2.1/rxjava-reactive-streams-1.2.1-javadoc.jar","isSystem":false,"isOwn":false,"isTest":false,"isJavaContent":false},{"kind":"binary","path":"C:\\Users\\User\\.m2\\repository\\org\\reactivestreams\\reactive-streams\\1.0.3\\reactive-streams-1.0.3.jar","sourceContainerUrl":"file:/C:/Users/User/.m2/repository/org/reactivestreams/reactive-streams/1.0.3/reactive-streams-1.0.3-sources.jar","javadocContainerUrl":"file:/C:/Users/User/.m2/repository/org/reactivestreams/reactive-streams/1.0.3/reactive-streams-1.0.3-javadoc.jar","isSystem":false,"isOwn":false,"isTest":false,"isJavaContent":false},{"kind":"binary","path":"C:\\Users\\User\\.m2\\repository\\com\\netflix\\zuul\\zuul-core\\1.3.1\\zuul-core-1.3.1.jar","sourceContainerUrl":"file:/C:/Users/User/.m2/repository/com/netflix/zuul/zuul-core/1.3.1/zuul-core-1.3.1-sources.jar","javadocContainerUrl":"file:/C:/Users/User/.m2/repository/com/netflix/zuul/zuul-core/1.3.1/zuul-core-1.3.1-javadoc.jar","isSystem":false,"isOwn":false,"isTest":false,"isJavaContent":false},{"kind":"binary","path":"C:\\Users\\User\\.m2\\repository\\commons-io\\commons-io\\2.4\\commons-io-2.4.jar","sourceContainerUrl":"file:/C:/Users/User/.m2/repository/commons-io/commons-io/2.4/commons-io-2.4-sources.jar","javadocContainerUrl":"file:/C:/Users/User/.m2/repository/commons-io/commons-io/2.4/commons-io-2.4-javadoc.jar","isSystem":false,"isOwn":false,"isTest":false,"isJavaContent":false},{"kind":"binary","path":"C:\\Users\\User\\.m2\\repository\\org\\springframework\\boot\\spring-boot-devtools\\2.3.12.RELEASE\\spring-boot-devtools-2.3.12.RELEASE.jar","sourceContainerUrl":"file:/C:/Users/User/.m2/repository/org/springframework/boot/spring-boot-devtools/2.3.12.RELEASE/spring-boot-devtools-2.3.12.RELEASE-sources.jar","javadocContainerUrl":"file:/C:/Users/User/.m2/repository/org/springframework/boot/spring-boot-devtools/2.3.12.RELEASE/spring-boot-devtools-2.3.12.RELEASE-javadoc.jar","isSystem":false,"isOwn":false,"isTest":false,"isJavaContent":false},{"kind":"binary","path":"C:\\Users\\User\\.m2\\repository\\org\\springframework\\boot\\spring-boot\\2.3.12.RELEASE\\spring-boot-2.3.12.RELEASE.jar","sourceContainerUrl":"file:/C:/Users/User/.m2/repository/org/springframework/boot/spring-boot/2.3.12.RELEASE/spring-boot-2.3.12.RELEASE-sources.jar","javadocContainerUrl":"file:/C:/Users/User/.m2/repository/org/springframework/boot/spring-boot/2.3.12.RELEASE/spring-boot-2.3.12.RELEASE-javadoc.jar","isSystem":false,"isOwn":false,"isTest":false,"isJavaContent":false},{"kind":"binary","path":"C:\\Users\\User\\.m2\\repository\\org\\springframework\\spring-context\\5.2.15.RELEASE\\spring-context-5.2.15.RELEASE.jar","sourceContainerUrl":"file:/C:/Users/User/.m2/repository/org/springframework/spring-context/5.2.15.RELEASE/spring-context-5.2.15.RELEASE-sources.jar","javadocContainerUrl":"file:/C:/Users/User/.m2/repository/org/springframework/spring-context/5.2.15.RELEASE/spring-context-5.2.15.RELEASE-javadoc.jar","isSystem":false,"isOwn":false,"isTest":false,"isJavaContent":false},{"kind":"binary","path":"C:\\Users\\User\\.m2\\repository\\org\\springframework\\boot\\spring-boot-autoconfigure\\2.3.12.RELEASE\\spring-boot-autoconfigure-2.3.12.RELEASE.jar","sourceContainerUrl":"file:/C:/Users/User/.m2/repository/org/springframework/boot/spring-boot-autoconfigure/2.3.12.RELEASE/spring-boot-autoconfigure-2.3.12.RELEASE-sources.jar","javadocContainerUrl":"file:/C:/Users/User/.m2/repository/org/springframework/boot/spring-boot-autoconfigure/2.3.12.RELEASE/spring-boot-autoconfigure-2.3.12.RELEASE-javadoc.jar","isSystem":false,"isOwn":false,"isTest":false,"isJavaContent":false},{"kind":"binary","path":"C:\\Users\\User\\.m2\\repository\\org\\springframework\\boot\\spring-boot-starter-test\\2.3.12.RELEASE\\spring-boot-starter-test-2.3.12.RELEASE.jar","sourceContainerUrl":"file:/C:/Users/User/.m2/repository/org/springframework/boot/spring-boot-starter-test/2.3.12.RELEASE/spring-boot-starter-test-2.3.12.RELEASE-sources.jar","javadocContainerUrl":"file:/C:/Users/User/.m2/repository/org/springframework/boot/spring-boot-starter-test/2.3.12.RELEASE/spring-boot-starter-test-2.3.12.RELEASE-javadoc.jar","isSystem":false,"isOwn":false,"isTest":false,"isJavaContent":false},{"kind":"binary","path":"C:\\Users\\User\\.m2\\repository\\org\\springframework\\boot\\spring-boot-starter\\2.3.12.RELEASE\\spring-boot-starter-2.3.12.RELEASE.jar","sourceContainerUrl":"file:/C:/Users/User/.m2/repository/org/springframework/boot/spring-boot-starter/2.3.12.RELEASE/spring-boot-starter-2.3.12.RELEASE-sources.jar","javadocContainerUrl":"file:/C:/Users/User/.m2/repository/org/springframework/boot/spring-boot-starter/2.3.12.RELEASE/spring-boot-starter-2.3.12.RELEASE-javadoc.jar","isSystem":false,"isOwn":false,"isTest":false,"isJavaContent":false},{"kind":"binary","path":"C:\\Users\\User\\.m2\\repository\\org\\springframework\\boot\\spring-boot-starter-logging\\2.3.12.RELEASE\\spring-boot-starter-logging-2.3.12.RELEASE.jar","sourceContainerUrl":"file:/C:/Users/User/.m2/repository/org/springframework/boot/spring-boot-starter-logging/2.3.12.RELEASE/spring-boot-starter-logging-2.3.12.RELEASE-sources.jar","javadocContainerUrl":"file:/C:/Users/User/.m2/repository/org/springframework/boot/spring-boot-starter-logging/2.3.12.RELEASE/spring-boot-starter-logging-2.3.12.RELEASE-javadoc.jar","isSystem":false,"isOwn":false,"isTest":false,"isJavaContent":false},{"kind":"binary","path":"C:\\Users\\User\\.m2\\repository\\ch\\qos\\logback\\logback-classic\\1.2.3\\logback-classic-1.2.3.jar","sourceContainerUrl":"file:/C:/Users/User/.m2/repository/ch/qos/logback/logback-classic/1.2.3/logback-classic-1.2.3-sources.jar","javadocContainerUrl":"file:/C:/Users/User/.m2/repository/ch/qos/logback/logback-classic/1.2.3/logback-classic-1.2.3-javadoc.jar","isSystem":false,"isOwn":false,"isTest":false,"isJavaContent":false},{"kind":"binary","path":"C:\\Users\\User\\.m2\\repository\\ch\\qos\\logback\\logback-core\\1.2.3\\logback-core-1.2.3.jar","sourceContainerUrl":"file:/C:/Users/User/.m2/repository/ch/qos/logback/logback-core/1.2.3/logback-core-1.2.3-sources.jar","javadocContainerUrl":"file:/C:/Users/User/.m2/repository/ch/qos/logback/logback-core/1.2.3/logback-core-1.2.3-javadoc.jar","isSystem":false,"isOwn":false,"isTest":false,"isJavaContent":false},{"kind":"binary","path":"C:\\Users\\User\\.m2\\repository\\org\\apache\\logging\\log4j\\log4j-to-slf4j\\2.13.3\\log4j-to-slf4j-2.13.3.jar","sourceContainerUrl":"file:/C:/Users/User/.m2/repository/org/apache/logging/log4j/log4j-to-slf4j/2.13.3/log4j-to-slf4j-2.13.3-sources.jar","javadocContainerUrl":"file:/C:/Users/User/.m2/repository/org/apache/logging/log4j/log4j-to-slf4j/2.13.3/log4j-to-slf4j-2.13.3-javadoc.jar","isSystem":false,"isOwn":false,"isTest":false,"isJavaContent":false},{"kind":"binary","path":"C:\\Users\\User\\.m2\\repository\\org\\apache\\logging\\log4j\\log4j-api\\2.13.3\\log4j-api-2.13.3.jar","sourceContainerUrl":"file:/C:/Users/User/.m2/repository/org/apache/logging/log4j/log4j-api/2.13.3/log4j-api-2.13.3-sources.jar","javadocContainerUrl":"file:/C:/Users/User/.m2/repository/org/apache/logging/log4j/log4j-api/2.13.3/log4j-api-2.13.3-javadoc.jar","isSystem":false,"isOwn":false,"isTest":false,"isJavaContent":false},{"kind":"binary","path":"C:\\Users\\User\\.m2\\repository\\org\\slf4j\\jul-to-slf4j\\1.7.30\\jul-to-slf4j-1.7.30.jar","sourceContainerUrl":"file:/C:/Users/User/.m2/repository/org/slf4j/jul-to-slf4j/1.7.30/jul-to-slf4j-1.7.30-sources.jar","javadocContainerUrl":"file:/C:/Users/User/.m2/repository/org/slf4j/jul-to-slf4j/1.7.30/jul-to-slf4j-1.7.30-javadoc.jar","isSystem":false,"isOwn":false,"isTest":false,"isJavaContent":false},{"kind":"binary","path":"C:\\Users\\User\\.m2\\repository\\jakarta\\annotation\\jakarta.annotation-api\\1.3.5\\jakarta.annotation-api-1.3.5.jar","sourceContainerUrl":"file:/C:/Users/User/.m2/repository/jakarta/annotation/jakarta.annotation-api/1.3.5/jakarta.annotation-api-1.3.5-sources.jar","javadocContainerUrl":"file:/C:/Users/User/.m2/repository/jakarta/annotation/jakarta.annotation-api/1.3.5/jakarta.annotation-api-1.3.5-javadoc.jar","isSystem":false,"isOwn":false,"isTest":false,"isJavaContent":false},{"kind":"binary","path":"C:\\Users\\User\\.m2\\repository\\org\\yaml\\snakeyaml\\1.26\\snakeyaml-1.26.jar","sourceContainerUrl":"file:/C:/Users/User/.m2/repository/org/yaml/snakeyaml/1.26/snakeyaml-1.26-sources.jar","javadocContainerUrl":"file:/C:/Users/User/.m2/repository/org/yaml/snakeyaml/1.26/snakeyaml-1.26-javadoc.jar","isSystem":false,"isOwn":false,"isTest":false,"isJavaContent":false},{"kind":"binary","path":"C:\\Users\\User\\.m2\\repository\\org\\springframework\\boot\\spring-boot-test\\2.3.12.RELEASE\\spring-boot-test-2.3.12.RELEASE.jar","sourceContainerUrl":"file:/C:/Users/User/.m2/repository/org/springframework/boot/spring-boot-test/2.3.12.RELEASE/spring-boot-test-2.3.12.RELEASE-sources.jar","javadocContainerUrl":"file:/C:/Users/User/.m2/repository/org/springframework/boot/spring-boot-test/2.3.12.RELEASE/spring-boot-test-2.3.12.RELEASE-javadoc.jar","isSystem":false,"isOwn":false,"isTest":false,"isJavaContent":false},{"kind":"binary","path":"C:\\Users\\User\\.m2\\repository\\org\\springframework\\boot\\spring-boot-test-autoconfigure\\2.3.12.RELEASE\\spring-boot-test-autoconfigure-2.3.12.RELEASE.jar","sourceContainerUrl":"file:/C:/Users/User/.m2/repository/org/springframework/boot/spring-boot-test-autoconfigure/2.3.12.RELEASE/spring-boot-test-autoconfigure-2.3.12.RELEASE-sources.jar","javadocContainerUrl":"file:/C:/Users/User/.m2/repository/org/springframework/boot/spring-boot-test-autoconfigure/2.3.12.RELEASE/spring-boot-test-autoconfigure-2.3.12.RELEASE-javadoc.jar","isSystem":false,"isOwn":false,"isTest":false,"isJavaContent":false},{"kind":"binary","path":"C:\\Users\\User\\.m2\\repository\\com\\jayway\\jsonpath\\json-path\\2.4.0\\json-path-2.4.0.jar","sourceContainerUrl":"file:/C:/Users/User/.m2/repository/com/jayway/jsonpath/json-path/2.4.0/json-path-2.4.0-sources.jar","javadocContainerUrl":"file:/C:/Users/User/.m2/repository/com/jayway/jsonpath/json-path/2.4.0/json-path-2.4.0-javadoc.jar","isSystem":false,"isOwn":false,"isTest":false,"isJavaContent":false},{"kind":"binary","path":"C:\\Users\\User\\.m2\\repository\\net\\minidev\\json-smart\\2.3.1\\json-smart-2.3.1.jar","sourceContainerUrl":"file:/C:/Users/User/.m2/repository/net/minidev/json-smart/2.3.1/json-smart-2.3.1-sources.jar","javadocContainerUrl":"file:/C:/Users/User/.m2/repository/net/minidev/json-smart/2.3.1/json-smart-2.3.1-javadoc.jar","isSystem":false,"isOwn":false,"isTest":false,"isJavaContent":false},{"kind":"binary","path":"C:\\Users\\User\\.m2\\repository\\net\\minidev\\accessors-smart\\2.3.1\\accessors-smart-2.3.1.jar","sourceContainerUrl":"file:/C:/Users/User/.m2/repository/net/minidev/accessors-smart/2.3.1/accessors-smart-2.3.1-sources.jar","javadocContainerUrl":"file:/C:/Users/User/.m2/repository/net/minidev/accessors-smart/2.3.1/accessors-smart-2.3.1-javadoc.jar","isSystem":false,"isOwn":false,"isTest":false,"isJavaContent":false},{"kind":"binary","path":"C:\\Users\\User\\.m2\\repository\\jakarta\\xml\\bind\\jakarta.xml.bind-api\\2.3.3\\jakarta.xml.bind-api-2.3.3.jar","sourceContainerUrl":"file:/C:/Users/User/.m2/repository/jakarta/xml/bind/jakarta.xml.bind-api/2.3.3/jakarta.xml.bind-api-2.3.3-sources.jar","javadocContainerUrl":"file:/C:/Users/User/.m2/repository/jakarta/xml/bind/jakarta.xml.bind-api/2.3.3/jakarta.xml.bind-api-2.3.3-javadoc.jar","isSystem":false,"isOwn":false,"isTest":false,"isJavaContent":false},{"kind":"binary","path":"C:\\Users\\User\\.m2\\repository\\jakarta\\activation\\jakarta.activation-api\\1.2.2\\jakarta.activation-api-1.2.2.jar","sourceContainerUrl":"file:/C:/Users/User/.m2/repository/jakarta/activation/jakarta.activation-api/1.2.2/jakarta.activation-api-1.2.2-sources.jar","javadocContainerUrl":"file:/C:/Users/User/.m2/repository/jakarta/activation/jakarta.activation-api/1.2.2/jakarta.activation-api-1.2.2-javadoc.jar","isSystem":false,"isOwn":false,"isTest":false,"isJavaContent":false},{"kind":"binary","path":"C:\\Users\\User\\.m2\\repository\\org\\assertj\\assertj-core\\3.16.1\\assertj-core-3.16.1.jar","sourceContainerUrl":"file:/C:/Users/User/.m2/repository/org/assertj/assertj-core/3.16.1/assertj-core-3.16.1-sources.jar","javadocContainerUrl":"file:/C:/Users/User/.m2/repository/org/assertj/assertj-core/3.16.1/assertj-core-3.16.1-javadoc.jar","isSystem":false,"isOwn":false,"isTest":false,"isJavaContent":false},{"kind":"binary","path":"C:\\Users\\User\\.m2\\repository\\org\\hamcrest\\hamcrest\\2.2\\hamcrest-2.2.jar","sourceContainerUrl":"file:/C:/Users/User/.m2/repository/org/hamcrest/hamcrest/2.2/hamcrest-2.2-sources.jar","javadocContainerUrl":"file:/C:/Users/User/.m2/repository/org/hamcrest/hamcrest/2.2/hamcrest-2.2-javadoc.jar","isSystem":false,"isOwn":false,"isTest":false,"isJavaContent":false},{"kind":"binary","path":"C:\\Users\\User\\.m2\\repository\\org\\junit\\jupiter\\junit-jupiter\\5.6.3\\junit-jupiter-5.6.3.jar","sourceContainerUrl":"file:/C:/Users/User/.m2/repository/org/junit/jupiter/junit-jupiter/5.6.3/junit-jupiter-5.6.3-sources.jar","javadocContainerUrl":"file:/C:/Users/User/.m2/repository/org/junit/jupiter/junit-jupiter/5.6.3/junit-jupiter-5.6.3-javadoc.jar","isSystem":false,"isOwn":false,"isTest":false,"isJavaContent":false},{"kind":"binary","path":"C:\\Users\\User\\.m2\\repository\\org\\junit\\jupiter\\junit-jupiter-api\\5.6.3\\junit-jupiter-api-5.6.3.jar","sourceContainerUrl":"file:/C:/Users/User/.m2/repository/org/junit/jupiter/junit-jupiter-api/5.6.3/junit-jupiter-api-5.6.3-sources.jar","javadocContainerUrl":"file:/C:/Users/User/.m2/repository/org/junit/jupiter/junit-jupiter-api/5.6.3/junit-jupiter-api-5.6.3-javadoc.jar","isSystem":false,"isOwn":false,"isTest":false,"isJavaContent":false},{"kind":"binary","path":"C:\\Users\\User\\.m2\\repository\\org\\apiguardian\\apiguardian-api\\1.1.0\\apiguardian-api-1.1.0.jar","sourceContainerUrl":"file:/C:/Users/User/.m2/repository/org/apiguardian/apiguardian-api/1.1.0/apiguardian-api-1.1.0-sources.jar","javadocContainerUrl":"file:/C:/Users/User/.m2/repository/org/apiguardian/apiguardian-api/1.1.0/apiguardian-api-1.1.0-javadoc.jar","isSystem":false,"isOwn":false,"isTest":false,"isJavaContent":false},{"kind":"binary","path":"C:\\Users\\User\\.m2\\repository\\org\\opentest4j\\opentest4j\\1.2.0\\opentest4j-1.2.0.jar","sourceContainerUrl":"file:/C:/Users/User/.m2/repository/org/opentest4j/opentest4j/1.2.0/opentest4j-1.2.0-sources.jar","javadocContainerUrl":"file:/C:/Users/User/.m2/repository/org/opentest4j/opentest4j/1.2.0/opentest4j-1.2.0-javadoc.jar","isSystem":false,"isOwn":false,"isTest":false,"isJavaContent":false},{"kind":"binary","path":"C:\\Users\\User\\.m2\\repository\\org\\junit\\platform\\junit-platform-commons\\1.6.3\\junit-platform-commons-1.6.3.jar","sourceContainerUrl":"file:/C:/Users/User/.m2/repository/org/junit/platform/junit-platform-commons/1.6.3/junit-platform-commons-1.6.3-sources.jar","javadocContainerUrl":"file:/C:/Users/User/.m2/repository/org/junit/platform/junit-platform-commons/1.6.3/junit-platform-commons-1.6.3-javadoc.jar","isSystem":false,"isOwn":false,"isTest":false,"isJavaContent":false},{"kind":"binary","path":"C:\\Users\\User\\.m2\\repository\\org\\junit\\jupiter\\junit-jupiter-params\\5.6.3\\junit-jupiter-params-5.6.3.jar","sourceContainerUrl":"file:/C:/Users/User/.m2/repository/org/junit/jupiter/junit-jupiter-params/5.6.3/junit-jupiter-params-5.6.3-sources.jar","javadocContainerUrl":"file:/C:/Users/User/.m2/repository/org/junit/jupiter/junit-jupiter-params/5.6.3/junit-jupiter-params-5.6.3-javadoc.jar","isSystem":false,"isOwn":false,"isTest":false,"isJavaContent":false},{"kind":"binary","path":"C:\\Users\\User\\.m2\\repository\\org\\junit\\jupiter\\junit-jupiter-engine\\5.6.3\\junit-jupiter-engine-5.6.3.jar","sourceContainerUrl":"file:/C:/Users/User/.m2/repository/org/junit/jupiter/junit-jupiter-engine/5.6.3/junit-jupiter-engine-5.6.3-sources.jar","javadocContainerUrl":"file:/C:/Users/User/.m2/repository/org/junit/jupiter/junit-jupiter-engine/5.6.3/junit-jupiter-engine-5.6.3-javadoc.jar","isSystem":false,"isOwn":false,"isTest":false,"isJavaContent":false},{"kind":"binary","path":"C:\\Users\\User\\.m2\\repository\\org\\junit\\platform\\junit-platform-engine\\1.6.3\\junit-platform-engine-1.6.3.jar","sourceContainerUrl":"file:/C:/Users/User/.m2/repository/org/junit/platform/junit-platform-engine/1.6.3/junit-platform-engine-1.6.3-sources.jar","javadocContainerUrl":"file:/C:/Users/User/.m2/repository/org/junit/platform/junit-platform-engine/1.6.3/junit-platform-engine-1.6.3-javadoc.jar","isSystem":false,"isOwn":false,"isTest":false,"isJavaContent":false},{"kind":"binary","path":"C:\\Users\\User\\.m2\\repository\\org\\mockito\\mockito-core\\3.3.3\\mockito-core-3.3.3.jar","sourceContainerUrl":"file:/C:/Users/User/.m2/repository/org/mockito/mockito-core/3.3.3/mockito-core-3.3.3-sources.jar","javadocContainerUrl":"file:/C:/Users/User/.m2/repository/org/mockito/mockito-core/3.3.3/mockito-core-3.3.3-javadoc.jar","isSystem":false,"isOwn":false,"isTest":false,"isJavaContent":false},{"kind":"binary","path":"C:\\Users\\User\\.m2\\repository\\net\\bytebuddy\\byte-buddy\\1.10.22\\byte-buddy-1.10.22.jar","sourceContainerUrl":"file:/C:/Users/User/.m2/repository/net/bytebuddy/byte-buddy/1.10.22/byte-buddy-1.10.22-sources.jar","javadocContainerUrl":"file:/C:/Users/User/.m2/repository/net/bytebuddy/byte-buddy/1.10.22/byte-buddy-1.10.22-javadoc.jar","isSystem":false,"isOwn":false,"isTest":false,"isJavaContent":false},{"kind":"binary","path":"C:\\Users\\User\\.m2\\repository\\net\\bytebuddy\\byte-buddy-agent\\1.10.22\\byte-buddy-agent-1.10.22.jar","sourceContainerUrl":"file:/C:/Users/User/.m2/repository/net/bytebuddy/byte-buddy-agent/1.10.22/byte-buddy-agent-1.10.22-sources.jar","javadocContainerUrl":"file:/C:/Users/User/.m2/repository/net/bytebuddy/byte-buddy-agent/1.10.22/byte-buddy-agent-1.10.22-javadoc.jar","isSystem":false,"isOwn":false,"isTest":false,"isJavaContent":false},{"kind":"binary","path":"C:\\Users\\User\\.m2\\repository\\org\\objenesis\\objenesis\\2.6\\objenesis-2.6.jar","sourceContainerUrl":"file:/C:/Users/User/.m2/repository/org/objenesis/objenesis/2.6/objenesis-2.6-sources.jar","javadocContainerUrl":"file:/C:/Users/User/.m2/repository/org/objenesis/objenesis/2.6/objenesis-2.6-javadoc.jar","isSystem":false,"isOwn":false,"isTest":false,"isJavaContent":false},{"kind":"binary","path":"C:\\Users\\User\\.m2\\repository\\org\\mockito\\mockito-junit-jupiter\\3.3.3\\mockito-junit-jupiter-3.3.3.jar","sourceContainerUrl":"file:/C:/Users/User/.m2/repository/org/mockito/mockito-junit-jupiter/3.3.3/mockito-junit-jupiter-3.3.3-sources.jar","javadocContainerUrl":"file:/C:/Users/User/.m2/repository/org/mockito/mockito-junit-jupiter/3.3.3/mockito-junit-jupiter-3.3.3-javadoc.jar","isSystem":false,"isOwn":false,"isTest":false,"isJavaContent":false},{"kind":"binary","path":"C:\\Users\\User\\.m2\\repository\\org\\skyscreamer\\jsonassert\\1.5.0\\jsonassert-1.5.0.jar","sourceContainerUrl":"file:/C:/Users/User/.m2/repository/org/skyscreamer/jsonassert/1.5.0/jsonassert-1.5.0-sources.jar","javadocContainerUrl":"file:/C:/Users/User/.m2/repository/org/skyscreamer/jsonassert/1.5.0/jsonassert-1.5.0-javadoc.jar","isSystem":false,"isOwn":false,"isTest":false,"isJavaContent":false},{"kind":"binary","path":"C:\\Users\\User\\.m2\\repository\\com\\vaadin\\external\\google\\android-json\\0.0.20131108.vaadin1\\android-json-0.0.20131108.vaadin1.jar","sourceContainerUrl":"file:/C:/Users/User/.m2/repository/com/vaadin/external/google/android-json/0.0.20131108.vaadin1/android-json-0.0.20131108.vaadin1-sources.jar","javadocContainerUrl":"file:/C:/Users/User/.m2/repository/com/vaadin/external/google/android-json/0.0.20131108.vaadin1/android-json-0.0.20131108.vaadin1-javadoc.jar","isSystem":false,"isOwn":false,"isTest":false,"isJavaContent":false},{"kind":"binary","path":"C:\\Users\\User\\.m2\\repository\\org\\springframework\\spring-core\\5.2.15.RELEASE\\spring-core-5.2.15.RELEASE.jar","sourceContainerUrl":"file:/C:/Users/User/.m2/repository/org/springframework/spring-core/5.2.15.RELEASE/spring-core-5.2.15.RELEASE-sources.jar","javadocContainerUrl":"file:/C:/Users/User/.m2/repository/org/springframework/spring-core/5.2.15.RELEASE/spring-core-5.2.15.RELEASE-javadoc.jar","isSystem":false,"isOwn":false,"isTest":false,"isJavaContent":false},{"kind":"binary","path":"C:\\Users\\User\\.m2\\repository\\org\\springframework\\spring-jcl\\5.2.15.RELEASE\\spring-jcl-5.2.15.RELEASE.jar","sourceContainerUrl":"file:/C:/Users/User/.m2/repository/org/springframework/spring-jcl/5.2.15.RELEASE/spring-jcl-5.2.15.RELEASE-sources.jar","javadocContainerUrl":"file:/C:/Users/User/.m2/repository/org/springframework/spring-jcl/5.2.15.RELEASE/spring-jcl-5.2.15.RELEASE-javadoc.jar","isSystem":false,"isOwn":false,"isTest":false,"isJavaContent":false},{"kind":"binary","path":"C:\\Users\\User\\.m2\\repository\\org\\springframework\\spring-test\\5.2.15.RELEASE\\spring-test-5.2.15.RELEASE.jar","sourceContainerUrl":"file:/C:/Users/User/.m2/repository/org/springframework/spring-test/5.2.15.RELEASE/spring-test-5.2.15.RELEASE-sources.jar","javadocContainerUrl":"file:/C:/Users/User/.m2/repository/org/springframework/spring-test/5.2.15.RELEASE/spring-test-5.2.15.RELEASE-javadoc.jar","isSystem":false,"isOwn":false,"isTest":false,"isJavaContent":false},{"kind":"binary","path":"C:\\Users\\User\\.m2\\repository\\org\\xmlunit\\xmlunit-core\\2.7.0\\xmlunit-core-2.7.0.jar","sourceContainerUrl":"file:/C:/Users/User/.m2/repository/org/xmlunit/xmlunit-core/2.7.0/xmlunit-core-2.7.0-sources.jar","javadocContainerUrl":"file:/C:/Users/User/.m2/repository/org/xmlunit/xmlunit-core/2.7.0/xmlunit-core-2.7.0-javadoc.jar","isSystem":false,"isOwn":false,"isTest":false,"isJavaContent":false},{"kind":"source","path":"D:\\e-stack-app\\estack-app-api-gateway\\src\\main\\java","outputFolder":"D:\\e-stack-app\\estack-app-api-gateway\\target\\classes","javadocContainerUrl":"file:/D:/e-stack-app/estack-app-api-gateway/target/site/apidocs","isSystem":false,"isOwn":true,"isTest":false,"isJavaContent":true},{"kind":"source","path":"D:\\e-stack-app\\estack-app-api-gateway\\src\\test\\java","outputFolder":"D:\\e-stack-app\\estack-app-api-gateway\\target\\test-classes","javadocContainerUrl":"file:/D:/e-stack-app/estack-app-api-gateway/target/site/apidocs","isSystem":false,"isOwn":true,"isTest":true,"isJavaContent":true},{"kind":"source","path":"D:\\e-stack-app\\estack-app-api-gateway\\src\\main\\resources","outputFolder":"D:\\e-stack-app\\estack-app-api-gateway\\target\\classes","isSystem":false,"isOwn":true,"isTest":false,"isJavaContent":false},{"kind":"source","path":"D:\\e-stack-app\\estack-app-api-gateway\\src\\test\\resources","outputFolder":"D:\\e-stack-app\\estack-app-api-gateway\\target\\test-classes","isSystem":false,"isOwn":true,"isTest":true,"isJavaContent":false},{"kind":"source","path":"D:\\e-stack-app\\estack-app-api-gateway\\src\\test\\java","outputFolder":"D:\\e-stack-app\\estack-app-api-gateway\\target\\test-classes","javadocContainerUrl":"file:/D:/e-stack-app/estack-app-api-gateway/target/site/apidocs","isSystem":false,"isOwn":true,"isTest":false,"isJavaContent":false}]}